City_ID,City,Country,Date,Lat,Lng,Max Temp,Humidity,Cloudiness,Wind Speed
0,Mataura,NZ,2021-07-29 01:29:20,-46.1927,168.8643,57.47,72,55,4.94
1,Arraial Do Cabo,BR,2021-07-29 01:26:56,-22.9661,-42.0278,64.47,86,100,19.01
2,Meulaboh,ID,2021-07-29 01:25:50,4.1363,96.1285,76.89,87,100,3.91
3,Havoysund,NO,2021-07-29 01:29:20,70.9963,24.6622,47.28,90,93,7.74
4,Hobart,AU,2021-07-29 01:26:47,-42.8794,147.3294,52.27,65,40,5.99
5,Busselton,AU,2021-07-29 01:27:38,-33.65,115.3333,59.09,76,40,25.5
6,Minab,IR,2021-07-29 01:29:21,27.1467,57.0801,90.9,40,92,3.33
7,Ushuaia,AR,2021-07-29 01:25:02,-54.8,-68.3,42.46,81,20,4.61
8,Rikitea,PF,2021-07-29 01:29:21,-23.1203,-134.9692,73.81,79,96,14.45
9,Lere,NG,2021-07-29 01:29:22,10.387,8.5726,68.32,96,99,3.51
10,Albany,US,2021-07-29 01:29:22,42.6001,-73.9662,68.72,79,25,2.26
11,Hithadhoo,MV,2021-07-29 01:29:22,-0.6,73.0833,79.2,76,100,3.22
12,Punta Arenas,CL,2021-07-29 01:29:23,-53.15,-70.9167,48.31,66,0,12.66
13,Dashitou,CN,2021-07-29 01:29:23,43.3067,128.5114,81.3,67,100,1.83
14,Lata,PT,2021-07-29 01:26:35,40.1629,-8.3327,60.82,92,1,1.45
15,Verkh-Usugli,RU,2021-07-29 01:29:23,52.7,115.1667,57.94,92,100,1.88
16,Puerto Ayora,EC,2021-07-29 01:24:25,-0.7393,-90.3518,71.46,89,67,7.09
17,Mushie,CD,2021-07-29 01:29:24,-3.0167,16.9,69.91,45,8,3.6
18,Hilo,US,2021-07-29 01:26:54,19.7297,-155.09,80.33,83,90,11.5
19,Spring Hill,US,2021-07-29 01:29:24,28.4769,-82.5255,84.07,94,1,0.0
20,Usinsk,RU,2021-07-29 01:29:25,65.9939,57.5281,44.83,95,100,6.17
21,Bredasdorp,ZA,2021-07-29 01:29:25,-34.5322,20.0403,54.72,58,28,13.8
22,Kavieng,PG,2021-07-29 01:29:25,-2.5744,150.7967,84.99,69,31,6.8
23,Ponta Do Sol,PT,2021-07-29 01:27:47,32.6667,-17.1,72.23,79,16,6.04
24,Chokurdakh,RU,2021-07-29 01:27:13,70.6333,147.9167,43.57,64,100,9.89
25,Qaanaaq,GL,2021-07-29 01:29:26,77.484,-69.3632,42.21,97,100,0.87
26,Barrow,US,2021-07-29 01:29:26,71.2906,-156.7887,42.82,93,90,16.11
27,Fairbanks,US,2021-07-29 01:28:17,64.8378,-147.7164,64.74,85,90,5.75
28,Lebu,CL,2021-07-29 01:29:26,-37.6167,-73.65,49.24,79,0,8.01
29,Alice Springs,AU,2021-07-29 01:29:27,-23.7,133.8833,74.21,21,2,11.99
30,La Ronge,CA,2021-07-29 01:29:27,55.1001,-105.2842,70.05,49,20,4.61
31,Surt,LY,2021-07-29 01:29:28,31.2089,16.5887,79.56,68,0,7.31
32,Avarua,CK,2021-07-29 01:29:28,-21.2078,-159.775,68.05,100,90,5.75
33,Ribeira Grande,PT,2021-07-29 01:29:28,38.5167,-28.7,70.97,86,14,9.46
34,Hermanus,ZA,2021-07-29 01:29:28,-34.4187,19.2345,53.91,68,96,23.33
35,Pavlodar,KZ,2021-07-29 01:28:58,52.3,76.95,55.2,67,0,4.47
36,Torbay,CA,2021-07-29 01:29:29,47.6666,-52.7314,67.75,94,75,10.36
37,Narsaq,GL,2021-07-29 01:29:29,60.9167,-46.05,50.22,93,75,2.42
38,San Quintin,MX,2021-07-29 01:29:29,30.4833,-115.95,72.1,76,0,17.13
39,East London,ZA,2021-07-29 01:29:30,-33.0153,27.9116,61.66,80,95,10.29
40,Tabou,CI,2021-07-29 01:29:30,4.423,-7.3528,75.9,85,78,7.16
41,Bluff,NZ,2021-07-29 01:29:30,-46.6,168.3333,57.79,70,83,7.52
42,Mercedes,AR,2021-07-29 01:29:31,-34.6515,-59.4307,41.86,67,2,6.8
43,Kahului,US,2021-07-29 01:25:31,20.8947,-156.47,84.22,75,40,24.16
44,Acapulco,MX,2021-07-29 01:25:42,16.8634,-99.8901,84.02,79,75,9.22
45,Severo-Kurilsk,RU,2021-07-29 01:29:31,50.6789,156.125,58.93,89,99,4.32
46,Airai,TL,2021-07-29 01:29:32,-8.9266,125.4092,72.52,33,13,4.0
47,Manokwari,ID,2021-07-29 01:27:02,-0.8667,134.0833,83.1,72,68,3.85
48,Hualmay,PE,2021-07-29 01:29:32,-11.0964,-77.6139,64.62,81,68,11.81
49,Jamestown,US,2021-07-29 01:27:58,42.097,-79.2353,71.24,60,75,8.05
50,Pinheiro Machado,BR,2021-07-29 01:29:33,-31.5783,-53.3811,33.78,93,17,10.36
51,Lincoln,US,2021-07-29 01:29:31,40.8,-96.667,92.64,61,1,1.99
52,Tiksi,RU,2021-07-29 01:29:33,71.6872,128.8694,43.56,76,41,8.81
53,Montemor-O-Novo,PT,2021-07-29 01:29:33,38.6481,-8.2145,58.15,81,0,4.94
54,Husavik,IS,2021-07-29 01:29:34,66.0449,-17.3389,46.31,98,100,6.96
55,Cherskiy,RU,2021-07-29 01:27:28,68.75,161.3,36.93,89,100,17.67
56,Zemio,CF,2021-07-29 01:29:34,5.0314,25.1361,65.89,95,100,0.31
57,Kipushi,CD,2021-07-29 01:29:34,-11.7667,27.2333,50.04,55,0,4.0
58,Faanui,PF,2021-07-29 01:29:35,-16.4833,-151.75,78.19,69,42,2.95
59,Beringovskiy,RU,2021-07-29 01:29:35,63.05,179.3167,48.16,72,100,16.91
60,Cidreira,BR,2021-07-29 01:28:46,-30.1811,-50.2056,46.15,70,88,22.26
61,Port Elizabeth,ZA,2021-07-29 01:29:35,-33.918,25.5701,53.89,82,0,8.05
62,Biltine,TD,2021-07-29 01:29:36,14.5333,20.9167,80.51,62,100,4.27
63,Bodmin,GB,2021-07-29 01:29:36,50.4715,-4.7243,60.08,72,40,17.27
64,Sompeta,IN,2021-07-29 01:29:36,18.9333,84.6,80.67,79,100,8.05
65,Rajpipla,IN,2021-07-29 01:29:37,21.8667,73.5,79.11,90,100,13.6
66,Kaitangata,NZ,2021-07-29 01:29:37,-46.2817,169.8464,52.93,70,28,6.31
67,Omboue,GA,2021-07-29 01:29:37,-1.5746,9.2618,72.91,84,83,6.44
68,Georgetown,MY,2021-07-29 01:25:05,5.4112,100.3354,79.9,90,20,2.3
69,Denia,ES,2021-07-29 01:29:38,38.8408,0.1057,77.47,87,0,3.0
70,Mount Isa,AU,2021-07-29 01:25:29,-20.7333,139.5,82.17,21,0,10.36
71,Naze,JP,2021-07-29 01:29:29,28.3667,129.4833,83.32,85,37,8.77
72,Adrar,MR,2021-07-29 01:29:22,20.5022,-10.0711,89.85,30,94,18.99
73,Cape Town,ZA,2021-07-29 01:27:17,-33.9258,18.4232,55.11,75,75,5.99
74,Iaciara,BR,2021-07-29 01:29:38,-14.0958,-46.6317,72.75,27,0,1.77
75,Suntar,RU,2021-07-29 01:25:39,62.1444,117.6319,74.03,40,0,5.57
76,Bilma,NE,2021-07-29 01:29:39,18.6853,12.9164,92.79,32,42,7.18
77,Bibiani,GH,2021-07-29 01:29:39,6.4635,-2.3194,66.76,92,56,2.04
78,Russell,US,2021-07-29 01:29:40,32.3502,-85.1999,87.03,60,83,0.69
79,Tuktoyaktuk,CA,2021-07-29 01:27:17,69.4541,-133.0374,55.4,71,75,11.5
80,Camacha,PT,2021-07-29 01:29:40,33.0833,-16.3333,68.76,78,40,12.66
81,Cerrito,CO,2021-07-29 01:29:40,6.8432,-72.694,52.99,91,100,3.69
82,Vaini,TO,2021-07-29 01:29:41,-21.2,-175.2,75.36,73,20,9.22
83,Kizema,RU,2021-07-29 01:29:41,61.113,44.8302,52.92,73,17,4.56
84,Thinadhoo,MV,2021-07-29 01:29:41,0.5333,72.9333,81.0,70,99,2.21
85,Kodiak,US,2021-07-29 01:29:42,57.79,-152.4072,60.31,59,90,5.75
86,Inhambane,MZ,2021-07-29 01:29:42,-23.865,35.3833,64.22,70,0,2.04
87,Butaritari,KI,2021-07-29 01:29:42,3.0707,172.7902,82.85,71,15,10.18
88,San Pedro,PH,2021-07-29 01:28:53,14.35,121.0167,82.15,94,90,8.05
89,Bonavista,CA,2021-07-29 01:29:43,48.6499,-53.1147,67.12,97,96,13.15
90,Murray Bridge,AU,2021-07-29 01:29:43,-35.1167,139.2667,57.38,56,0,10.98
91,Nhulunbuy,AU,2021-07-29 01:25:28,-12.2333,136.7667,84.81,61,20,12.66
92,Clyde River,CA,2021-07-29 01:27:51,70.4692,-68.5914,43.03,87,20,6.91
93,Victoria,HK,2021-07-29 01:27:29,22.2855,114.1577,88.97,89,96,1.99
94,Khatanga,RU,2021-07-29 01:29:44,71.9667,102.5,69.31,61,57,10.85
95,Riyadh,SA,2021-07-29 01:27:34,24.6877,46.7219,91.54,15,100,7.4
96,Atuona,PF,2021-07-29 01:29:44,-9.8,-139.0333,77.36,67,14,17.63
97,Kapaa,US,2021-07-29 01:29:44,22.0752,-159.319,87.78,70,40,5.01
98,Montanha,BR,2021-07-29 01:29:45,-18.1269,-40.3633,69.55,79,3,4.61
99,Ostrovnoy,RU,2021-07-29 01:29:45,68.0531,39.5131,46.13,75,100,3.87
100,Saskylakh,RU,2021-07-29 01:29:45,71.9167,114.0833,69.53,38,100,15.97
101,Nanortalik,GL,2021-07-29 01:29:09,60.1432,-45.2371,44.53,90,57,8.63
102,Dikson,RU,2021-07-29 01:29:46,73.5069,80.5464,38.44,96,100,10.58
103,Jingdezhen,CN,2021-07-29 01:29:46,29.2947,117.2079,82.33,77,7,4.38
104,Komsomolskiy,UZ,2021-07-29 01:29:46,40.4272,71.7189,77.72,33,52,0.0
105,Palasa,IN,2021-07-29 01:29:47,18.7667,84.4167,79.23,81,100,9.82
106,Launceston,AU,2021-07-29 01:29:47,-41.45,147.1667,53.8,72,16,5.99
107,Klaksvik,FO,2021-07-29 01:29:47,62.2266,-6.589,54.52,99,100,14.27
108,Upernavik,GL,2021-07-29 01:29:48,72.7868,-56.1549,46.63,82,100,10.54
109,Lokomotivnyy,RU,2021-07-29 01:29:48,53.0118,60.5684,49.33,70,0,4.29
110,Port Lincoln,AU,2021-07-29 01:28:07,-34.7333,135.8667,55.02,65,0,17.22
111,Campbell River,CA,2021-07-29 01:29:48,50.0163,-125.2446,88.18,27,20,4.61
112,Pinega,RU,2021-07-29 01:29:49,64.7001,43.3936,43.63,98,98,4.03
113,Marzuq,YE,2021-07-29 01:29:49,14.4,46.4667,74.55,75,100,7.31
114,Thompson,CA,2021-07-29 01:29:49,55.7435,-97.8558,62.76,51,40,8.05
115,Mar Del Plata,AR,2021-07-29 01:29:11,-38.0023,-57.5575,42.01,62,40,1.01
116,Oktyabrskiy,RU,2021-07-29 01:29:50,54.4815,53.471,51.22,67,9,4.03
117,Pangnirtung,CA,2021-07-29 01:29:50,66.1451,-65.7125,52.36,57,46,2.77
118,Buala,SB,2021-07-29 01:29:50,-8.145,159.5921,83.8,69,93,5.12
119,Durango,MX,2021-07-29 01:26:44,24.8333,-104.8333,74.52,34,33,15.28
120,Poum,NC,2021-07-29 01:29:51,-20.2333,164.0167,73.62,63,0,16.96
121,Arak,IR,2021-07-29 01:29:51,34.0917,49.6892,72.09,37,49,9.51
122,Carnarvon,AU,2021-07-29 01:28:41,-24.8667,113.6333,69.87,60,40,13.8
123,Fort Dodge,US,2021-07-29 01:29:52,42.4975,-94.168,87.8,70,1,9.22
124,Billings,US,2021-07-29 01:29:52,45.7833,-108.5007,87.37,26,75,12.66
125,Ust-Ishim,RU,2021-07-29 01:29:52,57.6935,71.1665,47.43,95,20,5.44
126,Mabini,PH,2021-07-29 01:29:53,15.6,120.9833,78.42,94,100,6.96
127,Cururupu,BR,2021-07-29 01:29:53,-1.8283,-44.8683,74.19,92,4,2.71
128,Otradnoye,RU,2021-07-29 01:29:53,59.7775,30.8181,66.25,97,100,6.64
129,Hasaki,JP,2021-07-29 01:29:54,35.7333,140.8333,88.29,80,23,17.43
130,Chuy,UY,2021-07-29 01:29:54,-33.6971,-53.4616,42.15,75,34,15.19
131,Luderitz,NA,2021-07-29 01:29:54,-26.6481,15.1594,53.62,78,0,15.88
132,Constitucion,CL,2021-07-29 01:25:56,-35.3333,-72.4167,49.87,60,0,6.06
133,Esperance,AU,2021-07-29 01:28:07,-33.8667,121.9,60.64,75,76,24.94
134,Touros,BR,2021-07-29 01:29:55,-5.1989,-35.4608,76.1,84,10,13.33
135,Pisco,PE,2021-07-29 01:28:51,-13.7,-76.2167,62.65,82,7,16.11
136,Mahibadhoo,MV,2021-07-29 01:29:55,3.7833,72.9667,82.22,74,98,9.4
137,Markova,UA,2021-07-29 01:29:56,48.6758,24.4138,66.45,67,0,8.05
138,Hvide Sande,DK,2021-07-29 01:29:56,56.0045,8.1294,60.21,82,100,17.45
139,Lodwar,KE,2021-07-29 01:25:56,3.1191,35.5973,78.78,47,100,16.02
140,Nikolayevsk-Na-Amure,RU,2021-07-29 01:29:56,53.1406,140.73,82.38,74,58,1.07
141,Port Alfred,ZA,2021-07-29 01:29:57,-33.5906,26.891,56.91,86,4,10.31
142,Ancud,CL,2021-07-29 01:29:57,-41.8697,-73.8203,44.13,91,8,4.88
143,Vao,NC,2021-07-29 01:29:57,-22.6667,167.4833,70.03,67,100,16.33
144,Kimbe,PG,2021-07-29 01:27:14,-5.5502,150.1429,83.14,74,99,2.84
145,Siverek,TR,2021-07-29 01:29:58,37.755,39.3167,75.81,35,0,13.15
146,Bambous Virieux,MU,2021-07-29 01:29:14,-20.3428,57.7575,71.85,68,75,18.41
147,Sterlitamak,RU,2021-07-29 01:29:58,53.6246,55.9502,50.18,65,6,4.27
148,Marawi,PH,2021-07-29 01:29:58,7.9986,124.2928,83.64,53,100,4.34
149,Lorengau,PG,2021-07-29 01:29:59,-2.0226,147.2712,84.72,72,91,6.58
150,New Norfolk,AU,2021-07-29 01:27:38,-42.7826,147.0587,51.93,53,97,8.5
151,Ewa Beach,US,2021-07-29 01:29:03,21.3156,-158.0072,84.15,64,1,8.05
152,Zhigansk,RU,2021-07-29 01:29:59,66.7697,123.3711,63.82,48,84,6.91
153,Andros Town,BS,2021-07-29 01:29:59,24.7,-77.7667,82.36,71,90,9.75
154,Lourdes,FR,2021-07-29 01:27:40,43.1,-0.05,65.95,94,90,1.14
155,Chapais,CA,2021-07-29 01:30:00,49.7834,-74.8492,56.98,56,100,5.03
156,Canon City,US,2021-07-29 01:30:00,38.441,-105.2424,96.15,24,1,3.0
157,Lagoa,PT,2021-07-29 01:30:01,39.05,-27.9833,69.49,89,63,6.51
158,Muskegon,US,2021-07-29 01:30:01,43.3,-86.1334,81.25,84,90,6.91
159,Dingle,PH,2021-07-29 01:30:01,10.9995,122.6711,88.09,64,40,16.26
160,Bethel,US,2021-07-29 01:27:10,41.3712,-73.414,71.96,78,1,3.44
161,Baruun-Urt,MN,2021-07-29 01:30:05,46.6806,113.2792,76.98,46,31,2.64
162,Salalah,OM,2021-07-29 01:30:05,17.0151,54.0924,78.89,89,90,11.5
163,Tambovka,RU,2021-07-29 01:30:05,50.0969,128.0489,77.11,60,100,8.12
164,Yellowknife,CA,2021-07-29 01:28:02,62.456,-114.3525,67.28,67,75,1.01
165,Zaysan,KZ,2021-07-29 01:30:06,47.4667,84.8667,68.56,28,12,4.59
166,Nayagarh,IN,2021-07-29 01:30:06,20.1333,85.1,76.05,87,100,8.41
167,Beaverlodge,CA,2021-07-29 01:30:08,55.2166,-119.4361,78.15,34,54,7.38
168,Broken Hill,AU,2021-07-29 01:30:08,-31.95,141.4333,53.31,43,0,9.22
169,Raton,US,2021-07-29 01:30:09,36.9034,-104.4391,84.54,32,1,10.36
170,Ahipara,NZ,2021-07-29 01:30:09,-35.1667,173.1667,62.04,70,43,8.39
171,Tura,IN,2021-07-29 01:28:03,25.5198,90.2201,74.03,95,100,7.05
172,Yeppoon,AU,2021-07-29 01:30:10,-23.1333,150.7333,71.38,55,17,4.12
173,Umm Kaddadah,SD,2021-07-29 01:26:58,13.6017,26.6876,81.72,54,100,3.96
174,Vila Velha,BR,2021-07-29 01:26:32,-20.3297,-40.2925,71.55,83,20,8.05
175,San Cristobal,VE,2021-07-29 01:26:02,7.7669,-72.225,73.58,98,100,4.76
176,Alcantara,BR,2021-07-29 01:30:10,-2.4089,-44.4147,80.8,90,39,7.58
177,Ifakara,TZ,2021-07-29 01:30:11,-8.1333,36.6833,61.21,66,0,1.54
178,Tilichiki,RU,2021-07-29 01:30:11,60.4667,166.1,59.76,44,49,12.55
179,Las Palmas,ES,2021-07-29 01:30:11,28.4204,-14.0131,68.79,78,49,16.11
180,Rupert,US,2021-07-29 01:30:11,42.6191,-113.6772,89.49,39,1,6.91
181,Marataizes,BR,2021-07-29 01:29:17,-21.0433,-40.8244,69.3,84,100,13.58
182,San Francisco,US,2021-07-29 01:27:27,37.7749,-122.4194,94.8,76,40,3.0
183,Ixtapa,MX,2021-07-29 01:27:17,20.7,-105.2,79.99,85,56,1.1
184,Mahebourg,MU,2021-07-29 01:27:51,-20.4081,57.7,71.89,68,75,18.41
185,Naron,ES,2021-07-29 01:30:12,43.5167,-8.1528,63.03,91,12,5.35
186,Mantenopolis,BR,2021-07-29 01:30:12,-18.8625,-41.1228,65.79,72,8,4.63
187,Bengkulu,ID,2021-07-29 01:30:13,-3.8004,102.2655,81.07,72,67,4.18
188,Skegness,GB,2021-07-29 01:30:13,53.1436,0.3363,55.69,80,13,21.43
189,Getulio Vargas,UY,2021-07-29 01:30:13,-32.6796,-53.5494,39.29,80,7,12.44
190,Fethiye,TR,2021-07-29 01:30:14,36.6217,29.1164,75.07,34,0,7.52
191,Paita,PE,2021-07-29 01:30:14,-5.0892,-81.1144,67.05,86,0,14.38
192,Hamilton,US,2021-07-29 01:29:10,39.1834,-84.5333,83.64,74,1,5.75
193,Riachao Das Neves,BR,2021-07-29 01:30:15,-11.7461,-44.91,70.83,40,0,2.17
194,Vestmannaeyjar,IS,2021-07-29 01:29:35,63.4427,-20.2734,54.45,82,27,5.91
195,Carballo,ES,2021-07-29 01:30:15,43.213,-8.691,63.01,90,21,4.9
196,Olavarria,AR,2021-07-29 01:30:16,-36.8927,-60.3225,35.62,73,0,5.75
197,Oistins,BB,2021-07-29 01:27:00,13.0667,-59.5333,80.69,78,75,19.57
198,Westport,US,2021-07-29 01:30:16,41.1415,-73.3579,74.19,86,1,5.99
199,New Kensington,US,2021-07-29 01:28:09,40.5698,-79.7648,79.93,80,93,1.79
200,Terney,RU,2021-07-29 01:30:16,45.0503,136.6092,80.17,61,3,4.92
201,Naruto,JP,2021-07-29 01:30:17,34.1833,134.6167,88.18,66,20,6.91
202,Nikolskoye,RU,2021-07-29 01:27:12,59.7035,30.7861,66.09,97,100,6.4
203,Isangel,VU,2021-07-29 01:30:17,-19.55,169.2667,80.71,57,75,5.75
204,Brigantine,US,2021-07-29 01:30:17,39.4101,-74.3646,73.49,85,1,4.61
205,Chernyshevskiy,RU,2021-07-29 01:30:18,63.0128,112.4714,75.99,36,10,8.3
206,Harper,LR,2021-07-29 01:30:18,4.375,-7.7169,76.14,83,100,7.94
207,Katsina,NG,2021-07-29 01:30:18,12.9894,7.6006,74.98,73,100,4.38
208,Verkh-Chebula,RU,2021-07-29 01:30:19,56.0308,87.6218,60.31,69,100,2.04
209,Kamenka,RU,2021-07-29 01:30:19,51.3223,42.7678,68.81,49,100,6.31
210,Geraldton,AU,2021-07-29 01:30:19,-28.7667,114.6,65.12,94,75,12.66
211,Avera,US,2021-07-29 01:30:20,33.194,-82.5271,84.7,61,98,4.27
212,Sambava,MG,2021-07-29 01:30:20,-14.2667,50.1667,65.3,77,0,6.29
213,Mongoumba,CF,2021-07-29 01:30:20,3.6415,18.5936,71.49,84,100,2.59
214,Saldanha,ZA,2021-07-29 01:30:21,-33.0117,17.9442,50.05,82,47,12.21
215,Wagar,SD,2021-07-29 01:30:21,16.1525,36.2032,77.86,79,67,18.05
216,Nizwa,OM,2021-07-29 01:30:21,22.9333,57.5333,89.47,40,48,3.91
217,Henties Bay,NA,2021-07-29 01:30:21,-22.116,14.2845,53.85,85,0,7.87
218,Lavrentiya,RU,2021-07-29 01:29:02,65.5833,-171.0,44.56,98,100,9.64
219,Steamboat Springs,US,2021-07-29 01:30:22,40.485,-106.8317,85.71,33,75,6.91
220,Cabatuan,PH,2021-07-29 01:30:22,10.8794,122.486,87.4,66,31,14.0
221,Saint-Philippe,RE,2021-07-29 01:27:09,-21.3585,55.7679,67.59,86,100,20.71
222,Alta,NO,2021-07-29 01:30:23,69.9689,23.2717,49.26,76,90,6.91
223,Simpang,ID,2021-07-29 01:30:23,-1.2667,104.0833,83.01,69,74,6.33
224,Arlit,NE,2021-07-29 01:28:50,18.7369,7.3853,89.78,38,100,7.36
225,Hambantota,LK,2021-07-29 01:30:24,6.1241,81.1185,79.14,89,20,6.91
226,Petropavlovsk-Kamchatskiy,RU,2021-07-29 01:30:24,53.0452,158.6483,72.19,64,20,11.18
227,Porto Novo,BJ,2021-07-29 01:30:24,6.4965,2.6036,74.82,85,81,5.48
228,Ayacucho,PE,2021-07-29 01:30:25,-13.1583,-74.2239,52.21,77,12,4.61
229,Udachnyy,RU,2021-07-29 01:30:25,66.4167,112.4,78.17,47,23,10.54
230,Kirakira,SB,2021-07-29 01:30:25,-10.4544,161.9205,84.33,71,21,7.27
231,Flinders,AU,2021-07-29 01:30:26,-34.5833,150.8552,62.19,44,0,5.01
232,Chake Chake,TZ,2021-07-29 01:30:26,-5.2459,39.7666,73.26,84,14,12.55
233,Am Timan,TD,2021-07-29 01:27:01,11.0297,20.2827,71.58,96,100,4.56
234,Marystown,CA,2021-07-29 01:30:26,47.1666,-55.1483,60.42,96,88,6.44
235,Roma,US,2021-07-29 01:28:14,43.2128,-75.4557,65.43,88,0,4.16
236,Ypsonas,CY,2021-07-29 01:30:27,34.6884,32.9574,86.99,57,0,6.91
237,Leningradskiy,RU,2021-07-29 01:30:27,69.3833,178.4167,33.28,100,100,15.88
238,Tuatapere,NZ,2021-07-29 01:30:28,-46.1333,167.6833,57.81,66,97,6.96
239,Longyearbyen,SJ,2021-07-29 01:30:28,78.2186,15.6401,42.64,93,90,10.36
240,Sinnamary,GF,2021-07-29 01:30:28,5.3833,-52.95,77.41,87,100,8.19
241,San Patricio,US,2021-07-29 01:30:29,28.017,-97.5169,85.89,67,2,10.36
242,Maceio,BR,2021-07-29 01:30:29,-9.6658,-35.7353,69.24,100,0,4.61
243,Katsuura,JP,2021-07-29 01:30:29,35.1333,140.3,87.91,76,22,14.63
244,Sokoni,TZ,2021-07-29 01:30:29,-6.4333,39.55,75.49,77,20,16.75
245,Marbella,ES,2021-07-29 01:30:30,36.5154,-4.8858,76.42,83,0,5.57
246,Tautira,PF,2021-07-29 01:30:30,-17.7333,-149.15,82.42,77,32,5.41
247,Hope,US,2021-07-29 01:30:31,33.6671,-93.5916,91.45,60,70,5.73
248,Talnakh,RU,2021-07-29 01:28:00,69.4865,88.3972,57.18,78,100,4.34
249,Bahia Blanca,AR,2021-07-29 01:30:31,-38.7196,-62.2724,41.52,52,4,8.43
250,Lompoc,US,2021-07-29 01:30:32,34.6391,-120.4579,81.57,82,90,14.97
251,Rochester,US,2021-07-29 01:25:54,43.1548,-77.6156,68.14,76,20,0.0
252,Aktau,KZ,2021-07-29 01:30:32,43.65,51.2,70.38,64,0,11.32
253,Vinh,VN,2021-07-29 01:30:32,18.6667,105.6667,86.43,69,100,7.25
254,Solnechnyy,RU,2021-07-29 01:30:33,50.7214,136.6319,82.81,71,100,3.33
255,Namibe,AO,2021-07-29 01:29:03,-15.1961,12.1522,62.98,87,5,3.15
256,Iqaluit,CA,2021-07-29 01:30:33,63.7506,-68.5145,47.93,71,40,3.44
257,Asau,RO,2021-07-29 01:27:01,46.4333,26.4,66.96,76,17,6.06
258,Honiara,SB,2021-07-29 01:30:33,-9.4333,159.95,84.18,74,37,6.35
259,Labuhan,ID,2021-07-29 01:27:02,-6.8844,112.2051,79.56,72,6,9.46
260,Kaeo,NZ,2021-07-29 01:30:34,-35.1,173.7833,66.33,68,85,7.92
261,Tasiilaq,GL,2021-07-29 01:30:34,65.6145,-37.6368,46.56,67,84,5.99
262,Krasnopavlivka,UA,2021-07-29 01:30:35,49.1372,36.3272,65.37,83,23,7.14
263,Brae,GB,2021-07-29 01:30:35,60.3964,-1.353,57.11,98,100,8.63
264,Zharkent,KZ,2021-07-29 01:30:35,44.1628,80.0,79.66,27,2,8.16
265,Padang,ID,2021-07-29 01:30:36,-0.9492,100.3543,77.05,75,32,1.81
266,Weligama,LK,2021-07-29 01:30:36,5.9667,80.4167,79.99,86,79,11.16
267,Yamada,JP,2021-07-29 01:30:36,39.4667,141.95,80.42,78,74,7.72
268,Samarai,PG,2021-07-29 01:30:37,-10.6167,150.6667,80.17,83,61,7.14
269,Katangli,RU,2021-07-29 01:26:56,51.7102,143.2326,68.43,80,100,5.99
270,Lasa,IT,2021-07-29 01:30:37,46.6166,10.7002,61.02,89,3,2.24
271,Den Helder,NL,2021-07-29 01:30:38,52.9599,4.7593,60.78,83,90,18.41
272,Prainha,BR,2021-07-29 01:30:38,-1.8,-53.48,79.21,67,33,3.09
273,Khasan,RU,2021-07-29 01:30:38,42.4308,130.6434,82.53,68,72,5.73
274,Karratha,AU,2021-07-29 01:30:39,-20.7377,116.8463,72.7,56,30,11.41
275,Saint-Paul,RE,2021-07-29 01:30:39,-21.0096,55.2707,68.11,82,98,3.87
276,La Romana,DO,2021-07-29 01:30:08,18.4273,-68.9728,80.33,89,40,11.5
277,Neiafu,TO,2021-07-29 01:30:40,-18.65,-173.9833,75.88,83,75,9.22
278,Sobradinho,BR,2021-07-29 01:30:40,-12.8333,-39.1,67.41,98,14,2.06
279,Alofi,NU,2021-07-29 01:30:40,-19.0595,-169.9187,76.89,73,40,9.22
280,Broome,US,2021-07-29 01:30:41,42.2506,-75.833,65.39,88,0,1.86
281,Igurubi,TZ,2021-07-29 01:30:41,-4.0,33.7,63.86,52,57,6.55
282,Grindavik,IS,2021-07-29 01:27:21,63.8424,-22.4338,52.27,87,0,14.97
283,Caravelas,BR,2021-07-29 01:30:41,-17.7125,-39.2481,73.53,90,36,10.51
284,Puerto Escondido,MX,2021-07-29 01:30:42,15.85,-97.0667,85.03,61,40,0.0
285,Fort Nelson,CA,2021-07-29 01:30:42,58.8053,-122.7002,76.59,29,20,3.44
286,Tevaitoa,PF,2021-07-29 01:30:42,-16.7833,-151.5,78.66,71,31,7.29
287,Estacion Coahuila,MX,2021-07-29 01:30:43,32.1939,-115.0017,111.96,19,0,9.4
288,Thio,NC,2021-07-29 01:30:43,-21.6167,166.2167,78.76,59,29,5.79
289,Faya,SA,2021-07-29 01:30:43,18.3851,42.4509,66.31,66,92,5.32
290,Kiskunfelegyhaza,HU,2021-07-29 01:30:44,46.7121,19.8446,72.95,58,63,3.0
291,Deltona,US,2021-07-29 01:30:44,28.9005,-81.2637,80.85,92,1,0.0
292,Shenjiamen,CN,2021-07-29 01:30:44,29.9576,122.298,81.25,85,41,17.83
293,Bud,US,2021-07-29 01:30:45,39.447,-86.1758,82.38,84,100,3.98
294,Sitka,US,2021-07-29 01:30:45,57.0531,-135.33,67.89,60,40,11.5
295,Lensk,RU,2021-07-29 01:30:45,60.7253,114.9278,78.67,33,11,10.29
296,Turkmenabat,TM,2021-07-29 01:30:46,39.0733,63.5786,75.18,29,0,11.5
297,Victor Harbor,AU,2021-07-29 01:30:46,-35.5667,138.6167,57.72,69,8,1.99
298,Copiapo,CL,2021-07-29 01:30:46,-27.3667,-70.3333,47.89,44,0,0.47
299,Chipurupalle,IN,2021-07-29 01:30:47,18.3,83.5667,80.31,77,100,4.59
300,Tahta,EG,2021-07-29 01:30:47,26.7693,31.5021,82.72,34,2,8.86
301,Panjab,AF,2021-07-29 01:30:47,34.388,67.0233,58.55,49,0,5.19
302,Daru,PG,2021-07-29 01:30:48,-9.0763,143.2092,79.36,88,58,14.45
303,Hinton,CA,2021-07-29 01:30:07,53.4001,-117.5857,84.24,47,42,4.36
304,Huilong,CN,2021-07-29 01:30:48,31.8111,121.655,86.04,85,48,19.04
305,Yangjiang,CN,2021-07-29 01:30:49,21.85,111.9667,87.94,74,100,3.13
306,Pevek,RU,2021-07-29 01:30:49,69.7008,170.3133,33.04,96,100,25.48
307,Ucluelet,CA,2021-07-29 01:30:38,48.9329,-125.5528,92.05,76,0,1.01
308,Bergkamen,DE,2021-07-29 01:30:49,51.6333,7.6333,62.85,89,75,10.36
309,Sur,OM,2021-07-29 01:30:50,22.5667,59.5289,93.15,45,57,14.41
310,Lanzhou,CN,2021-07-29 01:30:50,36.0564,103.7922,72.68,34,0,6.67
311,Myitkyina,MM,2021-07-29 01:30:50,25.3833,97.4,76.01,98,100,0.63
312,Shunyi,CN,2021-07-29 01:30:51,40.125,116.6453,78.84,94,100,8.95
313,Nishihara,JP,2021-07-29 01:30:51,26.1842,127.7558,85.66,89,75,10.36
314,Sorong,ID,2021-07-29 01:30:51,-0.8833,131.25,83.97,74,100,3.8
315,Andenes,NO,2021-07-29 01:30:52,69.3143,16.1194,50.07,93,90,20.71
316,Jiangmen,CN,2021-07-29 01:30:52,22.5833,113.0833,86.94,82,83,4.0
317,Mingyue,CN,2021-07-29 01:30:52,43.1069,128.9217,89.76,51,100,1.1
318,Hofn,IS,2021-07-29 01:29:28,64.2539,-15.2082,53.15,85,100,1.3
319,Tutoia,BR,2021-07-29 01:30:53,-2.7619,-42.2744,76.78,91,2,8.16
320,Valparaiso,CL,2021-07-29 01:30:53,-33.0393,-71.6273,51.48,76,0,3.44
321,Amahai,ID,2021-07-29 01:30:53,-3.3333,128.9167,82.76,77,89,3.87
322,Yar-Sale,RU,2021-07-29 01:30:54,66.8333,70.8333,52.66,71,57,4.43
323,Nchelenge,ZM,2021-07-29 01:30:54,-9.3451,28.734,58.42,52,0,7.85
324,Podgorica,ME,2021-07-29 01:30:54,42.4411,19.2636,78.58,41,0,4.61
325,Bone,DE,2021-07-29 01:30:55,51.9669,12.1396,64.29,82,3,6.67
326,Saint-Pierre,RE,2021-07-29 01:30:55,-21.3393,55.4781,67.68,77,90,9.22
327,Klishkivtsi,UA,2021-07-29 01:30:55,48.4316,26.2623,70.07,81,0,3.11
328,Lahij,YE,2021-07-29 01:30:56,13.1667,44.5833,80.64,71,100,4.61
329,Codrington,AU,2021-07-29 01:30:56,-38.2667,141.9667,56.48,66,6,13.82
330,Batemans Bay,AU,2021-07-29 01:30:56,-35.7167,150.1833,63.1,27,0,2.39
331,Patos,BR,2021-07-29 01:30:57,-7.0244,-37.28,74.8,72,12,9.15
332,Namwala,ZM,2021-07-29 01:30:57,-15.7504,26.4384,50.88,69,85,4.18
333,Olafsvik,IS,2021-07-29 01:30:57,64.8945,-23.7142,51.4,87,80,15.03
334,Vardo,NO,2021-07-29 01:30:58,70.3705,31.1107,47.05,91,100,5.75
335,Berdigestyakh,RU,2021-07-29 01:30:58,62.0989,126.6992,67.51,34,3,6.76
336,Mount Gambier,AU,2021-07-29 01:30:58,-37.8333,140.7667,55.31,82,40,9.22
337,Castro,BR,2021-07-29 01:27:01,-24.7911,-50.0119,38.46,62,6,10.11
338,Maarianhamina,AX,2021-07-29 01:26:37,60.0973,19.9348,64.26,94,0,3.44
339,Beloha,MG,2021-07-29 01:30:59,-25.1667,45.05,60.82,94,0,6.53
340,Dunmore East,IE,2021-07-29 01:30:59,52.1514,-6.9861,55.69,71,21,12.15
341,Ichinoseki,JP,2021-07-29 01:31:00,38.9167,141.1333,83.05,72,78,3.91
342,Helena,US,2021-07-29 01:28:50,46.5927,-112.0361,85.32,40,90,1.01
343,Porbandar,IN,2021-07-29 01:31:00,21.6422,69.6093,82.24,83,100,23.6
344,Yulara,AU,2021-07-29 01:31:00,-25.2406,130.9889,66.04,45,0,3.44
345,Rocha,UY,2021-07-29 01:27:27,-34.4833,-54.3333,43.3,67,73,16.58
346,Vanderhoof,CA,2021-07-29 01:30:08,54.0166,-124.0198,73.87,46,74,3.42
347,Monte Carmelo,BR,2021-07-29 01:26:33,-18.7247,-47.4986,54.07,55,9,14.54
348,Cabedelo,BR,2021-07-29 01:31:01,-6.9811,-34.8339,74.07,84,1,11.16
349,Hellvik,NO,2021-07-29 01:31:01,59.9156,5.781,61.27,94,100,1.99
350,Mana,GF,2021-07-29 01:31:01,5.6592,-53.7767,76.87,90,100,8.63
351,Mirnyy,RU,2021-07-29 01:31:02,62.5353,113.9611,74.77,38,7,9.33
352,Beni Mazar,EG,2021-07-29 01:31:02,28.4962,30.8029,78.91,48,0,9.15
353,Huntington,US,2021-07-29 01:31:02,38.4193,-82.4452,81.37,86,51,3.42
354,Bathsheba,BB,2021-07-29 01:31:03,13.2167,-59.5167,81.21,78,75,19.57
355,Nova Olinda Do Norte,BR,2021-07-29 01:31:03,-3.8881,-59.0942,76.6,57,1,0.72
356,Sao Joao Da Barra,BR,2021-07-29 01:31:03,-21.6403,-41.0511,67.71,82,100,17.6
357,Coquimbo,CL,2021-07-29 01:27:38,-29.9533,-71.3436,51.53,87,75,4.61
358,Santa Cruz,BO,2021-07-29 01:30:04,-17.8,-63.1667,60.26,23,90,11.5
359,Kruisfontein,ZA,2021-07-29 01:31:04,-34.0033,24.7314,48.0,89,58,7.0
360,Pushchino,RU,2021-07-29 01:31:04,54.8339,37.6264,64.15,98,51,8.61
361,Khorixas,NA,2021-07-29 01:31:05,-20.3667,14.9667,58.03,28,0,7.25
362,Ekibastuz,KZ,2021-07-29 01:31:05,51.6667,75.3667,68.63,39,100,7.56
363,Rawson,AR,2021-07-29 01:31:05,-43.3002,-65.1023,47.21,59,17,4.05
364,Abu Dhabi,AE,2021-07-29 01:28:19,24.4667,54.3667,95.11,52,98,3.44
365,Provideniya,RU,2021-07-29 01:31:06,64.3833,-173.3,50.11,81,75,15.66
366,Labuan,MY,2021-07-29 01:31:06,5.2767,115.2417,82.76,83,20,5.75
367,Araouane,ML,2021-07-29 01:31:06,18.9048,-3.5265,93.2,34,12,10.49
368,Suleja,NG,2021-07-29 01:31:07,9.1758,7.1808,69.57,90,90,1.19
369,Piploda,IN,2021-07-29 01:31:07,23.35,75.4333,75.15,88,100,15.14
370,Armidale,AU,2021-07-29 01:31:07,-30.5167,151.65,47.8,49,6,14.88
371,Lebanon,US,2021-07-29 01:26:29,36.2081,-86.2911,86.45,76,1,0.0
372,Troitsko-Pechorsk,RU,2021-07-29 01:31:08,62.7084,56.1964,44.82,97,100,2.28
373,Butembo,CD,2021-07-29 01:31:08,0.15,29.2833,57.36,91,97,0.81
374,Namtsy,RU,2021-07-29 01:31:08,62.7161,129.6658,68.11,31,9,10.8
375,Taltal,CL,2021-07-29 01:30:20,-25.4,-70.4833,55.6,72,7,2.86
376,Arenal,CO,2021-07-29 01:31:09,8.4593,-73.9433,76.41,94,99,2.35
377,Manuk Mangkaw,PH,2021-07-29 01:31:09,4.8,119.85,84.99,76,71,15.01
378,Bratsk,RU,2021-07-29 01:31:10,56.1325,101.6142,63.09,74,52,10.45
379,Norman Wells,CA,2021-07-29 01:31:10,65.282,-126.8329,62.64,77,75,5.75
380,Valle Hermoso,MX,2021-07-29 01:31:10,25.6667,-97.8333,84.06,65,13,12.21
381,Hailey,US,2021-07-29 01:31:10,43.5196,-114.3153,78.66,44,40,17.27
382,Flin Flon,CA,2021-07-29 01:27:08,54.7682,-101.865,71.4,31,5,7.58
383,Kon Tum,VN,2021-07-29 01:31:11,14.35,108.0,75.51,94,95,4.54
384,Itarema,BR,2021-07-29 01:30:45,-2.9248,-39.9167,78.26,86,35,11.16
385,Magnitogorsk,RU,2021-07-29 01:31:11,53.4186,59.0472,47.23,76,40,2.24
386,Labrea,BR,2021-07-29 01:31:12,-7.2586,-64.7981,76.84,59,4,3.2
387,Chicama,PE,2021-07-29 01:31:12,-7.8447,-79.1469,63.14,85,83,8.63
388,Sainte-Maxime,FR,2021-07-29 01:31:12,43.3,6.6333,76.95,68,0,5.55
389,Palauig,PH,2021-07-29 01:31:13,15.435,119.9045,81.09,89,100,12.77
390,Itoman,JP,2021-07-29 01:31:13,26.1247,127.6694,86.38,89,75,11.5
391,Fonte Boa,BR,2021-07-29 01:31:13,-2.4959,-66.2662,77.97,75,48,2.46
392,Shubarkuduk,KZ,2021-07-29 01:31:14,49.1447,56.4872,66.18,47,5,8.79
393,Farmington,US,2021-07-29 01:26:45,36.7281,-108.2187,88.7,28,1,10.36
394,Longyan,CN,2021-07-29 01:31:14,25.1072,117.0225,88.77,68,99,2.33
395,Alugan,PH,2021-07-29 01:31:14,12.2188,125.4808,90.12,55,88,5.61
396,Gotsu,JP,2021-07-29 01:31:15,35.0,132.2167,80.74,69,0,5.99
397,Samfya,ZM,2021-07-29 01:31:15,-11.3649,29.5565,52.21,60,11,6.76
398,Port Hedland,AU,2021-07-29 01:31:15,-20.3167,118.5667,73.45,49,3,13.8
399,Kavaratti,IN,2021-07-29 01:31:16,10.5669,72.642,82.22,77,100,17.16
400,Hamza,UZ,2021-07-29 01:31:16,40.4264,71.4956,78.75,20,37,8.41
401,Muros,ES,2021-07-29 01:31:16,42.7762,-9.0603,64.09,76,5,11.68
402,Dowa,MW,2021-07-29 01:31:16,-13.654,33.9375,49.12,75,7,2.06
403,Kaili,ID,2021-07-29 01:31:17,-3.4626,120.2147,77.2,69,74,3.31
404,Najran,SA,2021-07-29 01:31:17,17.4924,44.1277,83.05,52,44,9.44
405,Chulym,RU,2021-07-29 01:31:17,55.0997,80.9572,62.58,57,41,9.33
406,Lufilufi,WS,2021-07-29 01:31:18,-13.8745,-171.5986,83.98,75,69,16.53
407,Semnan,IR,2021-07-29 01:31:18,35.5729,53.3971,76.41,56,56,7.99
408,Amparafaravola,MG,2021-07-29 01:31:18,-17.5833,48.2167,56.17,90,88,6.51
409,Baghdad,IQ,2021-07-29 01:27:55,33.3406,44.4009,85.91,35,0,9.22
410,Cabo San Lucas,MX,2021-07-29 01:30:05,22.8909,-109.9124,94.8,56,1,10.0
411,Necochea,AR,2021-07-29 01:31:19,-38.5473,-58.7368,38.03,79,22,9.08
412,Turinsk,RU,2021-07-29 01:31:19,58.0458,63.696,47.91,66,100,8.7
413,Iquitos,PE,2021-07-29 01:27:59,-3.7481,-73.2472,77.04,88,20,4.61
414,George,ZA,2021-07-29 01:31:20,-33.963,22.4617,45.95,71,0,8.05
415,Plouzane,FR,2021-07-29 01:31:20,48.3833,-4.6167,59.05,91,75,8.05
416,Sabzevar,IR,2021-07-29 01:31:20,36.2126,57.6819,75.51,53,0,8.03
417,Mulchen,CL,2021-07-29 01:31:21,-37.7167,-72.2333,42.4,87,0,3.13
418,Lianran,CN,2021-07-29 01:31:21,24.9227,102.485,63.14,90,100,0.92
419,Nome,US,2021-07-29 01:31:22,64.5011,-165.4064,51.87,87,90,24.16
420,Bonnyville,CA,2021-07-29 01:31:22,54.2668,-110.735,81.72,30,4,7.43
421,Anadyr,RU,2021-07-29 01:31:22,64.75,177.4833,54.1,66,75,20.13
422,Celestun,MX,2021-07-29 01:31:22,20.8667,-90.4,81.52,79,62,12.75
423,Orlik,RU,2021-07-29 01:31:23,52.5178,99.825,55.04,89,100,3.78
424,Yenagoa,NG,2021-07-29 01:31:23,4.9247,6.2642,72.97,88,86,3.06
425,College,US,2021-07-29 01:31:02,64.8569,-147.8028,64.72,86,90,4.61
426,Portland,US,2021-07-29 01:26:51,45.5234,-122.6762,95.41,32,40,5.01
427,Emerald,AU,2021-07-29 01:31:24,-23.5333,148.1667,78.35,53,6,10.36
428,Amapa,BR,2021-07-29 01:31:24,1.0,-52.0,70.59,99,56,1.99
429,Tarko-Sale,RU,2021-07-29 01:31:24,64.9225,77.785,56.55,75,76,9.04
430,Port-Cartier,CA,2021-07-29 01:31:25,50.0334,-66.8654,59.94,79,96,6.22
431,Aklavik,CA,2021-07-29 01:31:25,68.2191,-135.0107,66.92,85,100,3.87
432,Siedlce,PL,2021-07-29 01:31:25,52.1677,22.2901,66.56,98,100,5.73
433,Namatanai,PG,2021-07-29 01:27:01,-3.6667,152.4333,84.72,66,24,2.28
434,Kyshtovka,RU,2021-07-29 01:31:26,56.555,76.6271,57.99,89,72,4.14
435,Lisakovsk,KZ,2021-07-29 01:28:02,52.5369,62.4936,51.78,66,0,6.04
436,Staryy Oskol,RU,2021-07-29 01:31:26,51.2967,37.8417,63.1,83,1,3.69
437,Port Shepstone,ZA,2021-07-29 01:31:26,-30.7414,30.455,60.08,39,0,9.1
438,Pacific Grove,US,2021-07-29 01:31:27,36.6177,-121.9166,85.44,82,40,4.0
439,Eyl,SO,2021-07-29 01:31:27,7.9803,49.8164,79.14,63,92,20.74
440,Balabac,PH,2021-07-29 01:31:27,7.9868,117.0645,86.05,75,96,14.0
441,Whitehorse,CA,2021-07-29 01:31:28,60.7161,-135.0538,71.02,42,40,8.05
442,Margate,GB,2021-07-29 01:31:28,51.3813,1.3862,57.31,83,0,1.99
443,Taitung,TW,2021-07-29 01:31:28,22.7583,121.1444,89.87,55,75,5.75
444,Akdepe,TM,2021-07-29 01:31:29,42.0551,59.3788,73.49,42,70,10.18
445,Pascagoula,US,2021-07-29 01:29:40,30.3658,-88.5561,80.82,96,1,0.0
446,Merauke,ID,2021-07-29 01:31:29,-8.4667,140.3333,80.82,81,52,14.14
447,Hami,CN,2021-07-29 01:31:29,42.8,93.45,95.13,15,100,12.62
448,Shimanovsk,RU,2021-07-29 01:31:30,52.0,127.7,78.85,52,49,5.77
449,Osakarovka,KZ,2021-07-29 01:31:31,50.565,72.5692,65.16,43,100,5.82
450,Kununurra,AU,2021-07-29 01:29:58,-15.7667,128.7333,85.98,48,6,5.75
451,Mehamn,NO,2021-07-29 01:31:31,71.0357,27.8492,46.0,93,100,9.06
452,Nizhniy Tsasuchey,RU,2021-07-29 01:31:31,50.5167,115.1333,75.24,54,1,4.05
453,Souillac,MU,2021-07-29 01:31:32,-20.5167,57.5167,71.98,68,75,18.41
454,Bolkhov,RU,2021-07-29 01:31:32,53.4433,36.0044,61.59,96,5,7.2
455,Evensk,RU,2021-07-29 01:31:32,61.95,159.2333,56.86,49,89,6.08
456,Carson City,US,2021-07-29 01:27:52,39.1638,-119.7674,90.21,22,1,5.01
457,Saint-Augustin,CA,2021-07-29 01:31:33,51.226,-58.6502,56.34,94,48,6.49
458,Partapur,IN,2021-07-29 01:31:33,23.6,74.1667,78.89,84,100,15.37
459,Tahe,CN,2021-07-29 01:31:33,52.3333,124.7333,78.42,50,89,4.47
460,Mednogorsk,RU,2021-07-29 01:31:33,51.4128,57.595,54.95,68,0,6.13
461,Flagstaff,US,2021-07-29 01:29:16,35.1981,-111.6513,75.58,59,75,4.61
462,Rincon,US,2021-07-29 01:28:23,32.296,-81.2354,80.85,93,75,0.0
463,Marquette,US,2021-07-29 01:31:34,46.5333,-87.6335,68.77,86,100,5.64
464,Diplo,PK,2021-07-29 01:31:34,24.4667,69.584,82.89,79,100,19.77
465,Goderich,CA,2021-07-29 01:31:35,43.7501,-81.7165,68.92,77,68,2.3
466,Ha Tinh,VN,2021-07-29 01:31:35,18.3333,105.9,87.51,64,100,5.95
467,Kiunga,PG,2021-07-29 01:31:35,-6.1219,141.2906,80.67,89,96,2.53
468,Blackwater,AU,2021-07-29 01:31:36,-23.5833,148.8833,79.77,40,8,13.29
469,Sevsk,RU,2021-07-29 01:31:36,52.1491,34.4926,62.6,90,22,5.53
470,Naryan-Mar,RU,2021-07-29 01:31:36,67.6713,53.087,43.68,90,100,2.98
471,Malpe,IN,2021-07-29 01:31:37,13.35,74.7167,78.1,84,100,10.87
472,Ilulissat,GL,2021-07-29 01:31:37,69.2167,-51.1,48.22,71,10,0.0
473,Kanigoro,ID,2021-07-29 01:31:37,-8.13,112.219,82.56,60,68,9.35
474,Viedma,AR,2021-07-29 01:31:38,-40.8135,-62.9967,43.88,50,0,9.37
475,Kyabe,TD,2021-07-29 01:31:38,9.4515,18.9449,69.91,98,100,3.87
476,Makakilo City,US,2021-07-29 01:31:39,21.3469,-158.0858,82.72,65,1,8.05
477,Selizharovo,RU,2021-07-29 01:31:39,56.8519,33.4487,56.93,99,16,4.27
478,San Juan De Colon,VE,2021-07-29 01:31:39,8.0313,-72.2605,74.79,85,100,5.82
479,Bukachacha,RU,2021-07-29 01:31:40,52.9833,116.9167,67.03,70,94,3.2
480,Half Moon Bay,US,2021-07-29 01:31:40,37.4636,-122.4286,86.23,76,40,13.8
481,Ballina,AU,2021-07-29 01:31:40,-28.8667,153.5667,71.78,56,2,8.05
482,Puerto Madryn,AR,2021-07-29 01:31:41,-42.7692,-65.0385,49.03,46,10,7.29
483,Kushiro,JP,2021-07-29 01:31:41,42.975,144.3747,70.75,100,90,8.05
484,Muisne,EC,2021-07-29 01:31:41,0.6,-80.0333,76.21,88,100,9.86
485,Staryy Nadym,RU,2021-07-29 01:31:42,65.6118,72.6842,57.36,61,97,12.12
486,Lagdo,CM,2021-07-29 01:31:42,9.05,13.7333,78.12,87,100,3.42
487,Port Moresby,PG,2021-07-29 01:31:42,-9.4431,147.1797,83.62,74,40,11.5
488,Mabaruma,GY,2021-07-29 01:31:43,8.2,-59.7833,73.13,99,59,2.77
489,Zyryanka,RU,2021-07-29 01:31:43,65.75,150.85,40.12,91,100,12.97
490,Santa Cruz Del Norte,CU,2021-07-29 01:31:44,23.1539,-81.9236,83.01,75,6,12.77
491,Kuldur,RU,2021-07-29 01:31:44,49.2167,131.6333,78.51,63,100,6.58
492,Mimongo,GA,2021-07-29 01:31:44,-1.6195,11.6068,66.25,93,40,1.36
493,Salinopolis,BR,2021-07-29 01:31:44,-0.6136,-47.3561,78.1,84,9,8.86
494,Waiouru,NZ,2021-07-29 01:31:45,-39.4833,175.6667,51.3,60,6,5.3
495,Yarada,IN,2021-07-29 01:31:45,17.65,83.2667,84.72,69,100,9.31
496,Syracuse,IT,2021-07-29 01:27:50,37.0881,15.2792,81.9,49,0,4.41
497,Cockburn Town,TC,2021-07-29 01:31:45,21.4612,-71.1419,81.75,79,100,21.5
498,Hovd,MN,2021-07-29 01:30:40,48.0056,91.6419,64.71,46,0,6.33
499,Luwuk,ID,2021-07-29 01:31:46,-0.9516,122.7875,84.92,70,31,6.62
500,Erzin,TR,2021-07-29 01:31:46,36.9559,36.2,79.52,37,0,3.71
501,Baneh,IR,2021-07-29 01:31:46,35.9975,45.8853,63.37,72,0,9.22
502,Plettenberg Bay,ZA,2021-07-29 01:31:47,-34.0527,23.3716,51.66,77,94,5.88
503,Berbera,SO,2021-07-29 01:31:47,10.4396,45.0143,86.05,45,100,28.5
504,Quatre Cocos,MU,2021-07-29 01:31:33,-20.2078,57.7625,71.71,73,99,22.64
505,Moussoro,TD,2021-07-29 01:31:48,13.6408,16.4901,77.83,78,100,6.02
506,Damphu,BT,2021-07-29 01:31:48,27.0721,90.1096,76.39,84,93,0.4
507,Monroe,US,2021-07-29 01:30:06,43.1501,-77.6831,68.4,76,20,0.0
508,Kisesa,TZ,2021-07-29 01:31:48,-3.0833,34.15,62.13,58,20,7.07
509,Bourail,NC,2021-07-29 01:31:49,-21.5667,165.4833,75.79,48,0,6.87
510,Tabuk,PH,2021-07-29 01:31:49,17.4189,121.4443,86.65,67,100,3.85
511,Sao Filipe,CV,2021-07-29 01:28:57,14.8961,-24.4956,74.88,77,100,5.03
512,Grand Gaube,MU,2021-07-29 01:31:49,-20.0064,57.6608,72.0,73,98,5.99
513,Belmonte,BR,2021-07-29 01:31:50,-15.8631,-38.8828,73.9,89,0,10.78
514,Yerbogachen,RU,2021-07-29 01:28:22,61.2767,108.0108,77.04,49,0,11.45
515,Mananara,MG,2021-07-29 01:31:50,-16.1667,49.7667,66.43,95,99,7.02
516,Grahamstown,ZA,2021-07-29 01:31:50,-33.3042,26.5328,47.59,94,2,6.31
517,Matara,LK,2021-07-29 01:27:48,5.9485,80.5353,77.97,90,100,10.29
518,Bardiyah,LY,2021-07-29 01:31:51,31.7561,25.0865,77.76,75,0,10.96
519,Altay,CN,2021-07-29 01:30:59,47.8667,88.1167,70.39,26,40,3.49
520,Rongcheng,CN,2021-07-29 01:31:51,30.634,117.8517,85.26,73,25,7.58
521,Cazones,MX,2021-07-29 01:31:52,20.7167,-97.3167,80.04,80,90,6.98
522,Barcelos,PT,2021-07-29 01:31:52,41.5388,-8.6151,67.84,76,47,4.68
523,Peski,RU,2021-07-29 01:31:52,55.2163,38.7626,64.99,99,88,8.08
524,Punakha,BT,2021-07-29 01:31:53,27.5837,89.8598,78.46,81,64,1.36
525,Erenhot,CN,2021-07-29 01:31:53,43.6475,111.9767,77.5,45,7,5.88
526,Gallup,US,2021-07-29 01:31:53,35.5281,-108.7426,80.44,45,1,3.0
527,Moengo,SR,2021-07-29 01:31:53,5.6167,-54.4,73.18,99,100,2.73
528,Asosa,ET,2021-07-29 01:31:54,10.0667,34.5333,57.85,88,100,3.51
529,Camenca,MD,2021-07-29 01:31:54,48.0319,28.6978,65.08,79,16,1.14
530,Bintulu,MY,2021-07-29 01:31:54,3.1667,113.0333,82.81,83,20,3.0
531,Kuito,AO,2021-07-29 01:31:55,-12.3833,16.9333,47.62,35,59,3.47
532,Karwar,IN,2021-07-29 01:31:55,14.8,74.1333,78.76,83,100,14.09
533,Vengerovo,RU,2021-07-29 01:31:55,55.6848,76.7471,58.78,84,81,11.21
534,Ehingen,DE,2021-07-29 01:31:56,48.2826,9.7275,60.89,92,73,3.85
535,Obo,CF,2021-07-29 01:31:56,5.3998,26.4869,64.62,94,99,1.9
536,Astana,KZ,2021-07-29 01:31:56,51.1801,71.446,58.95,63,0,11.18
